workers,avg_time_s,throughput,efficiency_percent,peak_mem_mb
1,22.506755187525414,22215.55243454773,100.0,0.11395645141601562
2,23.983516750042327,20847.65154380946,46.92129895313558,0.12614822387695312
4,31.73136252054246,15757.281133966644,17.732263445160008,0.15824127197265625
8,51.16839379147859,9771.657129547582,5.498207369779118,0.2132091522216797
